Workbook

Sheet Food E-commerce Plant Based
A1: # Scontrino | B1: Provincia | C1: Mese | D1: Importo Scontrino | E1: Reparto | F1: Città | G1: Importo | I1: Domanda | J1: Risposta
A2: 3 | B2: Roma | C2: gennaio | D2: 140.7 | E2: Dispensa | F2: =_xlfn.XLOOKUP(B2,Città!A$2:A$6,Città!B$2:B$6) -> Roma | G2: =IF(D2>63.91,"Alto","Basso") -> Alto | H2: 1 | I2: Come si chiama questo foglio? | J2: Food E-commerce Plant Based
A3: 14 | B3: Roma | C3: maggio | D3: 140.12 | E3: Dispensa | F3: =_xlfn.XLOOKUP(B3,Città!A$2:A$6,Città!B$2:B$6) -> Roma | G3: =IF(D3>63.91,"Alto","Basso") -> Alto | H3: 2 | I3: Qual è una qualunque colonna non vuota in questo foglio? | J3: B
A4: 25 | B4: Frosinone | C4: dicembre | D4: 139.11 | E4: Cereali | F4: =_xlfn.XLOOKUP(B4,Città!A$2:A$6,Città!B$2:B$6) -> Frosinone | G4: =IF(D4>63.91,"Alto","Basso") -> Alto | H4: 3 | I4: Qual è una qualunque riga non vuota in questo foglio? | J4: Riga 2
A5: 20 | B5: Viterbo | C5: agosto | D5: 113.1 | E5: Cereali | F5: =_xlfn.XLOOKUP(B5,Città!A$2:A$6,Città!B$2:B$6) -> Tarquinia | G5: =IF(D5>63.91,"Alto","Basso") -> Alto | H5: 4 | I5: Qual è una qualunque cella non vuota in questo foglio? | J5: B2
A6: 1 | B6: Roma | C6: gennaio | D6: 110.15 | E6: Dispensa | F6: =_xlfn.XLOOKUP(B6,Città!A$2:A$6,Città!B$2:B$6) -> Roma | G6: =IF(D6>63.91,"Alto","Basso") -> Alto | H6: 5 | I6: Qual è il totale delle vendite considerando tutti i mesi? (usa una funzione per stabilirlo) | J6: =SUM(D2:D26) -> 1597.65
A7: 10 | B7: Roma | C7: aprile | D7: 108 | E7: Dispensa | F7: =_xlfn.XLOOKUP(B7,Città!A$2:A$6,Città!B$2:B$6) -> Roma | G7: =IF(D7>63.91,"Alto","Basso") -> Alto | H7: 6 | I7: Qual è il totale delle vendite per il mese di giugno? (anche qui usa una funzione) | J7: =SUMIF(C2:C26,"giugno",D2:D26) -> 179.77
A8: 23 | B8: Frosinone | C8: settembre | D8: 99.64 | E8: Cereali | F8: =_xlfn.XLOOKUP(B8,Città!A$2:A$6,Città!B$2:B$6) -> Frosinone | G8: =IF(D8>63.91,"Alto","Basso") -> Alto | H8: 7 | I8: Ordinate le righe in ordine dall’importo più alto al più basso. Qual è la provincia alla riga 15? | J8: Latina
A9: 16 | B9: Roma | C9: giugno | D9: 92.48 | E9: Banco frigo | F9: =_xlfn.XLOOKUP(B9,Città!A$2:A$6,Città!B$2:B$6) -> Roma | G9: =IF(D9>63.91,"Alto","Basso") -> Alto | H9: 8 | I9: Usa la formattazione condizionale ed evidenzia tutti i valori maggiori di 100 nella colonna degli importi.
A10: 12 | B10: Roma | C10: aprile | D10: 92.42 | E10: Bevande | F10: =_xlfn.XLOOKUP(B10,Città!A$2:A$6,Città!B$2:B$6) -> Roma | G10: =IF(D10>63.91,"Alto","Basso") -> Alto | H10: 9 | I10: Quanti sono i valori evidenziati? | J10: =COUNTIF(D2:D26,">100") -> 6
A11: 24 | B11: Roma | C11: novembre | D11: 66.98 | E11: Ortofrutticolo | F11: =_xlfn.XLOOKUP(B11,Città!A$2:A$6,Città!B$2:B$6) -> Roma | G11: =IF(D11>63.91,"Alto","Basso") -> Alto | H11: 10 | I11: Quante vendite sono state fatte a Latina? (numero delle vendite) (usa una funzione) | J11: =COUNTIF(B2:B26,"Latina") -> 2
A12: 21 | B12: Roma | C12: agosto | D12: 55.1 | E12: Vitamine e integratori | F12: =_xlfn.XLOOKUP(B12,Città!A$2:A$6,Città!B$2:B$6) -> Roma | G12: =IF(D12>63.91,"Alto","Basso") -> Basso | H12: 11 | I12: Quante vendite sono state fatte a Roma ad aprile? (numero delle vendite) (usa una formula simile ma un po’ più complessa) | J12: =COUNTIFS(B2:B26,"Roma",C2:C26,"aprile") -> 6
A13: 11 | B13: Roma | C13: aprile | D13: 53.1 | E13: Banco frigo | F13: =_xlfn.XLOOKUP(B13,Città!A$2:A$6,Città!B$2:B$6) -> Roma | G13: =IF(D13>63.91,"Alto","Basso") -> Basso | H13: 12 | I13: Quanti prodotti da Dispensa (somma dell'importo) sono stati venduti a gennaio? | J13: =SUMIFS(D2:D26,E2:E26,"Dispensa",C2:C26,"gennaio") -> 250.85
A14: 5 | B14: Rieti | C14: febbraio | D14: 52.47 | E14: Vitamine e integratori | F14: =_xlfn.XLOOKUP(B14,Città!A$2:A$6,Città!B$2:B$6) -> Rieti | G14: =IF(D14>63.91,"Alto","Basso") -> Basso | H14: 13 | I14: Qual è l'importo medio di uno scontrino? (usa una funzione per calcolarlo) | J14: =AVERAGE(D2:D26) -> 63.906
A15: 18 | B15: Latina | C15: giugno | D15: 52.16 | E15: Dispensa | F15: =_xlfn.XLOOKUP(B15,Città!A$2:A$6,Città!B$2:B$6) -> Gaeta | G15: =IF(D15>63.91,"Alto","Basso") -> Basso | H15: 14 | I15: Qual è l'importo medio di uno scontrino se consideriamo soltanto gli scontrini maggiori di €20? (puoi arrotondare il risultato a due cifre decimali) | J15: =AVERAGEIF(D2:D26,">20") -> 74.222857
A16: 9 | B16: Roma | C16: aprile | D16: 47.7 | E16: Ortofrutticolo | F16: =_xlfn.XLOOKUP(B16,Città!A$2:A$6,Città!B$2:B$6) -> Roma | G16: =IF(D16>63.91,"Alto","Basso") -> Basso | H16: 15 | I16: Qual è l'importo medio di uno scontrino se consideriamo soltanto gli scontrini minori di €106? (puoi arrotondare il risultato a due cifre decimali) | J16: =AVERAGEIF(D2:D26,"<106") -> 44.551053
A17: 2 | B17: Roma | C17: gennaio | D17: 38.04 | E17: Bevande | F17: =_xlfn.XLOOKUP(B17,Città!A$2:A$6,Città!B$2:B$6) -> Roma | G17: =IF(D17>63.91,"Alto","Basso") -> Basso | H17: 16 | I17: Come vedrai, la colonna Città è vuota. Abbiamo però aggiunto i dati relativi alle città nel secondo foglio. Usa una funzione per popolare la colonna Città con i dati provenienti dal secondo foglio.
A18: 19 | B18: Roma | C18: luglio | D18: 35.71 | E18: Banco frigo | F18: =_xlfn.XLOOKUP(B18,Città!A$2:A$6,Città!B$2:B$6) -> Roma | G18: =IF(D18>63.91,"Alto","Basso") -> Basso | H18: 17 | I18: Aggiungi una colonna a destra di Città e chiamala Importo. Aggiungi poi una funzione che ci dia un risultato per ogni riga così che ogni importo maggiore di €63,91 ci restituisca il valore “Alto”, e ciascun importo minore di questa cifra ci restituisca il valore “Basso”.
A19: 17 | B19: Latina | C19: giugno | D19: 35.13 | E19: Bevande | F19: =_xlfn.XLOOKUP(B19,Città!A$2:A$6,Città!B$2:B$6) -> Gaeta | G19: =IF(D19>63.91,"Alto","Basso") -> Basso | H19: 18 | I19: Crea una Tabella Pivot ed aggiungila in un terzo foglio. Aggiungi i mesi nelle righe, i reparti nelle colonne e l’importo scontrino nei valori. Qual è il reparto che ha avuto più vendite? (lascia la tabella qui così saremo in grado di vederla) | J19: Dispensa
A20: 4 | B20: Roma | C20: febbraio | D20: 32.15 | E20: Banco frigo | F20: =_xlfn.XLOOKUP(B20,Città!A$2:A$6,Città!B$2:B$6) -> Roma | G20: =IF(D20>63.91,"Alto","Basso") -> Basso | H20: 19 | I20: Inserisci un grafico (quello che riteni più adatto) per visualizzare le vendite su base mensile
A21: 6 | B21: Roma | C21: marzo | D21: 31.11 | E21: Banco frigo | F21: =_xlfn.XLOOKUP(B21,Città!A$2:A$6,Città!B$2:B$6) -> Roma | G21: =IF(D21>63.91,"Alto","Basso") -> Basso | H21: 20 | I21: Guardando il grafico, sai dire durante quale mese ci sono state più vendite? | J21: Aprile
A22: 15 | B22: Roma | C22: maggio | D22: 23.31 | E22: Bevande | F22: =_xlfn.XLOOKUP(B22,Città!A$2:A$6,Città!B$2:B$6) -> Roma | G22: =IF(D22>63.91,"Alto","Basso") -> Basso
A23: 8 | B23: Roma | C23: aprile | D23: 14.03 | E23: Vitamine e integratori | F23: =_xlfn.XLOOKUP(B23,Città!A$2:A$6,Città!B$2:B$6) -> Roma | G23: =IF(D23>63.91,"Alto","Basso") -> Basso
A24: 13 | B24: Roma | C24: aprile | D24: 12 | E24: Vitamine e integratori | F24: =_xlfn.XLOOKUP(B24,Città!A$2:A$6,Città!B$2:B$6) -> Roma | G24: =IF(D24>63.91,"Alto","Basso") -> Basso
A25: 7 | B25: Roma | C25: marzo | D25: 10.3 | E25: Vitamine e integratori | F25: =_xlfn.XLOOKUP(B25,Città!A$2:A$6,Città!B$2:B$6) -> Roma | G25: =IF(D25>63.91,"Alto","Basso") -> Basso
A26: 22 | B26: Roma | C26: settembre | D26: 2.64 | E26: Banco frigo | F26: =_xlfn.XLOOKUP(B26,Città!A$2:A$6,Città!B$2:B$6) -> Roma | G26: =IF(D26>63.91,"Alto","Basso") -> Basso

Sheet Città
A1: Provincia | B1: Città
A2: Roma | B2: Roma
A3: Latina | B3: Gaeta
A4: Frosinone | B4: Frosinone
A5: Viterbo | B5: Tarquinia
A6: Rieti | B6: Rieti

Sheet Pivot
A3: Somma di Importo Scontrino | B3: Etichette di colonna
A4: Etichette di riga | B4: Banco frigo | C4: Bevande | D4: Cereali | E4: Dispensa | F4: Ortofrutticolo | G4: Vitamine e integratori | H4: Totale complessivo
A5: gennaio | C5: 38.04 | E5: 250.85 | H5: 288.89
A6: febbraio | B6: 32.15 | G6: 52.47 | H6: 84.62
A7: marzo | B7: 31.11 | G7: 10.3 | H7: 41.41
A8: aprile | B8: 53.1 | C8: 92.42 | E8: 108 | F8: 47.7 | G8: 26.03 | H8: 327.25
A9: maggio | C9: 23.31 | E9: 140.12 | H9: 163.43
A10: giugno | B10: 92.48 | C10: 35.13 | E10: 52.16 | H10: 179.77
A11: luglio | B11: 35.71 | H11: 35.71
A12: agosto | D12: 113.1 | G12: 55.1 | H12: 168.2
A13: settembre | B13: 2.64 | D13: 99.64 | H13: 102.28
A14: novembre | F14: 66.98 | H14: 66.98
A15: dicembre | D15: 139.11 | H15: 139.11
A16: Totale complessivo | B16: 247.19 | C16: 188.9 | D16: 351.85 | E16: 551.13 | F16: 114.68 | G16: 143.9 | H16: 1597.65
